id,first_name,last_name,email,gender,ip_address
1,Hank,Hain,hhain0@etsy.com,Male,84.103.198.27
2,Querida,Radborn,qradborn1@blinklist.com,Female,47.6.44.111
3,Allene,Snoddy,asnoddy2@com.com,Female,247.118.8.144
4,Nels,Colton,ncolton3@creativecommons.org,Male,241.36.128.5
5,Adair,Hamberstone,ahamberstone4@fastcompany.com,Male,183.36.156.172
6,Keelby,Fearfull,kfearfull5@blogtalkradio.com,Male,8.164.182.58
7,Thorvald,Howen,thowen6@eventbrite.com,Male,225.159.65.251
8,Wood,Gunderson,wgunderson7@vistaprint.com,Male,151.210.80.60
9,Monroe,Sweeting,msweeting8@shareasale.com,Male,35.215.116.81
10,Samantha,Klees,sklees9@cbslocal.com,Female,148.19.212.123
11,Tyler,Demangel,tdemangela@oaic.gov.au,Male,82.14.4.69
12,Ed,Kirwin,ekirwinb@upenn.edu,Male,245.117.131.6
13,Bobby,Snelman,bsnelmanc@cornell.edu,Male,206.39.3.73
14,Kiley,Dameisele,kdameiseled@buzzfeed.com,Female,52.113.4.60
15,Lanie,Martyn,lmartyne@multiply.com,Female,178.243.101.28
16,Vanya,Gazzard,vgazzardf@yahoo.co.jp,Female,206.25.191.115
17,Keri,Selkirk,kselkirkg@hibu.com,Female,2.173.235.164
18,Terri-jo,Ettridge,tettridgeh@lulu.com,Female,157.248.133.206
19,Courtnay,Rogers,crogersi@webmd.com,Female,167.15.193.34
20,Ronda,Ajsik,rajsikj@noaa.gov,Female,147.56.41.166
21,Normie,Nancarrow,nnancarrowk@twitter.com,Male,58.165.244.40
22,Garrott,Petlyura,gpetlyural@istockphoto.com,Male,4.121.2.166
23,Afton,Jansen,ajansenm@123-reg.co.uk,Polygender,90.68.110.86
24,Clemmy,Inderwick,cinderwickn@infoseek.co.jp,Male,178.98.234.196
25,North,Moar,nmoaro@wiley.com,Male,75.234.194.231
26,Hortense,Sill,hsillp@goodreads.com,Female,232.3.1.171
27,Guss,Jouhan,gjouhanq@merriam-webster.com,Male,151.155.176.81
28,Jessy,Skoof,jskoofr@theglobeandmail.com,Female,12.151.89.190
29,Ulrike,Ambrosoli,uambrosolis@ucsd.edu,Female,8.237.19.50
30,Bartlet,Johnikin,bjohnikint@topsy.com,Polygender,32.124.76.236
31,Buiron,Christley,bchristleyu@goodreads.com,Male,76.141.254.173
32,Vonnie,Harring,vharringv@prnewswire.com,Female,145.178.1.63
33,Bradley,Timbridge,btimbridgew@cargocollective.com,Male,24.55.40.245
34,Gustave,Michal,gmichalx@epa.gov,Male,165.197.20.35
35,Honey,Leverett,hleveretty@delicious.com,Female,100.226.94.190
36,Crin,Cantua,ccantuaz@123-reg.co.uk,Female,240.143.180.75
37,Gonzales,Ilyasov,gilyasov10@mashable.com,Male,145.252.17.127
38,Zackariah,McCluney,zmccluney11@zimbio.com,Male,173.70.187.9
39,Lionello,Minchinton,lminchinton12@list-manage.com,Male,0.157.92.6
40,Catherin,Partner,cpartner13@twitter.com,Female,8.223.141.81
41,Ingra,Mager,imager14@addtoany.com,Male,167.69.124.180
42,Norton,Boatman,nboatman15@cloudflare.com,Male,8.156.112.0
43,Bowie,Han,bhan16@goo.ne.jp,Male,100.147.178.91
44,Nickie,Farnon,nfarnon17@blogs.com,Male,117.172.208.202
45,Briney,Schieferstein,bschieferstein18@nytimes.com,Female,156.43.61.248
46,Smitty,Paolillo,spaolillo19@narod.ru,Male,248.16.46.175
47,Melinde,Tames,mtames1a@china.com.cn,Female,8.245.135.70
48,Kelley,Ewols,kewols1b@stumbleupon.com,Female,2.167.98.10
49,Niel,Henighan,nhenighan1c@posterous.com,Male,183.215.101.39
50,Dell,Deverille,ddeverille1d@umich.edu,Male,107.23.61.154
51,Devan,Graal,dgraal1e@psu.edu,Female,136.56.146.75
52,Nancie,Schapero,nschapero1f@4shared.com,Female,124.96.148.172
53,Klarrisa,Johns,kjohns1g@uiuc.edu,Female,108.244.72.81
54,Cymbre,Attenburrow,cattenburrow1h@elegantthemes.com,Bigender,41.229.177.36
55,Blinny,Buxsy,bbuxsy1i@nifty.com,Female,73.124.106.178
56,Kenny,Sloss,ksloss1j@photobucket.com,Genderfluid,43.11.15.48
57,Fancie,Cadd,fcadd1k@ow.ly,Female,95.232.10.73
58,Graham,Koles,gkoles1l@example.com,Male,253.255.248.92
59,Raquel,St Clair,rstclair1m@upenn.edu,Female,66.222.102.127
60,Ted,Hardeman,thardeman1n@rambler.ru,Female,144.136.127.205
61,Yovonnda,McKune,ymckune1o@sphinn.com,Female,190.244.168.229
62,Lyman,Samsin,lsamsin1p@washington.edu,Male,151.101.253.199
63,Reese,Warboy,rwarboy1q@hubpages.com,Male,201.224.155.92
64,Fredrika,Zanioletti,fzanioletti1r@biblegateway.com,Female,180.187.173.89
65,Doreen,Hefford,dhefford1s@51.la,Female,3.175.161.209
66,Fulvia,Barneville,fbarneville1t@issuu.com,Female,194.128.34.41
67,Kort,Gentery,kgentery1u@etsy.com,Male,200.14.240.94
68,Jackqueline,Olufsen,jolufsen1v@indiatimes.com,Female,107.43.111.210
69,Syman,Mathers,smathers1w@deliciousdays.com,Male,255.90.108.0
70,Gwendolin,Neubigging,gneubigging1x@live.com,Female,1.75.54.42
71,Haleigh,Carlisle,hcarlisle1y@cocolog-nifty.com,Male,9.105.13.151
72,Norton,Malyan,nmalyan1z@nsw.gov.au,Male,139.229.105.235
73,Nicole,Stonebanks,nstonebanks20@umich.edu,Genderfluid,133.136.217.27
74,Cordy,Lorkin,clorkin21@mtv.com,Male,123.95.20.139
75,Thom,Kane,tkane22@hp.com,Male,160.72.120.146
76,Nicoli,Alonso,nalonso23@ustream.tv,Female,34.168.171.14
77,Sig,Bavester,sbavester24@studiopress.com,Male,228.18.110.248
78,Ariella,Dougary,adougary25@vimeo.com,Non-binary,204.197.30.15
79,Lin,Hacaud,lhacaud26@naver.com,Female,213.30.74.96
80,Christal,Robelow,crobelow27@apache.org,Female,181.54.188.152
81,Bartholemy,Dowsey,bdowsey28@sogou.com,Male,236.8.22.106
82,Doro,Milvarnie,dmilvarnie29@amazonaws.com,Female,179.155.175.251
83,Berty,Kerkham,bkerkham2a@studiopress.com,Female,139.100.220.193
84,Porty,Cobbald,pcobbald2b@imdb.com,Male,50.224.139.240
85,Madella,Raffan,mraffan2c@cpanel.net,Genderfluid,141.179.56.234
86,Welch,Pothergill,wpothergill2d@prlog.org,Male,161.29.18.167
87,Penn,Marks,pmarks2e@jimdo.com,Male,93.46.30.128
88,Genovera,Lambeth,glambeth2f@barnesandnoble.com,Female,43.130.199.20
89,Tracie,Coke,tcoke2g@state.tx.us,Male,155.32.42.231
90,Haily,Philippeaux,hphilippeaux2h@360.cn,Male,126.121.92.209
91,Gabbie,Bellam,gbellam2i@ask.com,Female,50.246.58.30
92,Diahann,Medling,dmedling2j@hp.com,Female,112.55.63.42
93,Thane,Oxtaby,toxtaby2k@woothemes.com,Male,53.80.247.3
94,Carney,De Filippo,cdefilippo2l@elegantthemes.com,Male,18.118.217.33
95,Trenton,Ouchterlony,touchterlony2m@state.gov,Male,43.9.71.189
96,Kienan,Bontein,kbontein2n@biblegateway.com,Male,84.34.188.107
97,Daniel,Castagneto,dcastagneto2o@studiopress.com,Male,242.69.197.186
98,Phaidra,Fishly,pfishly2p@fastcompany.com,Female,140.156.34.59
99,Janka,Crush,jcrush2q@phpbb.com,Female,185.198.115.212
100,Dyana,Plum,dplum2r@oakley.com,Female,127.126.189.224
101,Geralda,Giron,ggiron2s@vimeo.com,Female,241.135.48.6
102,Wilt,Yoxall,wyoxall2t@boston.com,Male,34.111.122.240
103,Woody,Brennon,wbrennon2u@dyndns.org,Male,86.230.74.69
104,Marv,Kinder,mkinder2v@imageshack.us,Male,116.4.193.24
105,Ardene,Burdytt,aburdytt2w@wp.com,Female,212.121.194.166
106,Paulette,Freeberne,pfreeberne2x@springer.com,Female,171.234.1.87
107,Blondell,O'Lochan,bolochan2y@about.me,Female,133.231.171.16
108,Eveleen,Exelby,eexelby2z@unblog.fr,Female,197.253.166.68
109,Gian,Smeall,gsmeall30@wordpress.org,Male,6.187.179.220
110,Roy,Mussolini,rmussolini31@dmoz.org,Male,251.43.123.123
111,Adolphe,Goodey,agoodey32@barnesandnoble.com,Male,210.113.80.108
112,Ashlin,Landon,alandon33@tamu.edu,Male,250.32.215.72
113,Clywd,Yurikov,cyurikov34@nationalgeographic.com,Male,218.58.183.4
114,Renard,Garnsworth,rgarnsworth35@illinois.edu,Male,45.8.59.123
115,Hilary,Randlesome,hrandlesome36@pagesperso-orange.fr,Male,60.225.160.82
116,Lacy,Goodsal,lgoodsal37@about.com,Female,163.127.158.184
117,Gerhardine,Stanners,gstanners38@privacy.gov.au,Female,38.110.77.74
118,Humbert,Phetteplace,hphetteplace39@sogou.com,Male,117.158.115.65
119,Milt,Height,mheight3a@youku.com,Male,183.119.5.243
120,Katinka,Keal,kkeal3b@blogtalkradio.com,Female,208.106.143.48
121,Alvera,Aird,aaird3c@skyrock.com,Female,106.20.202.153
122,Shellysheldon,Ghiron,sghiron3d@cbc.ca,Male,223.97.87.79
123,Bartolemo,Dufore,bdufore3e@vk.com,Male,34.42.91.218
124,Cacilie,Walewicz,cwalewicz3f@purevolume.com,Female,42.203.226.173
125,Reggy,Abell,rabell3g@reuters.com,Male,194.19.55.97
126,Rebecka,Longega,rlongega3h@skype.com,Non-binary,236.91.67.29
127,Ailene,Worsnop,aworsnop3i@slate.com,Female,21.242.177.36
128,Von,Benoey,vbenoey3j@princeton.edu,Male,129.163.99.67
129,Tab,Croix,tcroix3k@latimes.com,Male,141.163.178.151
130,Julienne,Sandaver,jsandaver3l@wordpress.org,Female,124.75.67.86
131,Marlena,Cholerton,mcholerton3m@simplemachines.org,Female,197.106.35.53
132,Gus,Cabedo,gcabedo3n@fc2.com,Female,98.206.160.12
133,Demetre,Lappin,dlappin3o@umich.edu,Male,113.180.100.75
134,Dru,Storry,dstorry3p@elpais.com,Female,196.148.221.188
135,Cortney,Christophers,cchristophers3q@nyu.edu,Female,133.211.172.124
136,Fanny,Francesch,ffrancesch3r@cpanel.net,Female,76.92.209.40
137,Sidnee,Ribbens,sribbens3s@xrea.com,Male,107.69.21.127
138,Neda,Besemer,nbesemer3t@mtv.com,Female,144.137.90.160
139,Mariel,Javes,mjaves3u@comsenz.com,Genderfluid,149.56.190.240
140,Linnea,Stouther,lstouther3v@wufoo.com,Female,148.208.79.153
141,Orville,Lyddy,olyddy3w@feedburner.com,Genderqueer,115.40.214.143
142,Margo,Vanyarkin,mvanyarkin3x@icio.us,Polygender,127.174.186.73
143,Paxon,Shortall,pshortall3y@vkontakte.ru,Male,16.252.12.27
144,Matilda,Kinner,mkinner3z@hud.gov,Female,61.59.227.6
145,Tammi,Tanman,ttanman40@a8.net,Non-binary,204.96.119.84
146,Ric,Di Biagi,rdibiagi41@state.tx.us,Male,6.208.3.30
147,Vladamir,Scammonden,vscammonden42@wix.com,Male,88.226.119.36
148,Markos,Braunton,mbraunton43@pcworld.com,Male,218.107.247.60
149,Jermayne,Kerfut,jkerfut44@paypal.com,Male,56.122.164.204
150,Peterus,Pate,ppate45@amazon.co.uk,Male,15.144.121.112
151,Aleen,Collumbine,acollumbine46@live.com,Female,172.27.187.232
152,Marylou,Grabham,mgrabham47@meetup.com,Female,202.218.20.71
153,Mervin,Sellick,msellick48@blogger.com,Male,175.219.51.68
154,Robbert,Meace,rmeace49@amazon.de,Male,115.234.29.113
155,Shirlee,Gommowe,sgommowe4a@hao123.com,Female,81.99.48.207
156,Micky,Tadlow,mtadlow4b@moonfruit.com,Genderfluid,27.165.142.230
157,Fulvia,Bauchop,fbauchop4c@tamu.edu,Female,207.162.149.213
158,Inge,Wigelsworth,iwigelsworth4d@storify.com,Female,246.230.191.10
159,Lil,Bagot,lbagot4e@trellian.com,Female,49.136.1.168
160,Leeann,Hoston,lhoston4f@yellowbook.com,Female,44.245.57.94
161,Bunnie,Nairy,bnairy4g@jalbum.net,Female,0.150.196.65
162,Ferris,Bengall,fbengall4h@acquirethisname.com,Male,143.4.53.149
163,Joey,McParlin,jmcparlin4i@tumblr.com,Male,100.10.192.9
164,Farica,Korneichik,fkorneichik4j@walmart.com,Female,61.120.91.227
165,Rosene,Fisk,rfisk4k@nps.gov,Female,43.170.141.199
166,L;urette,Parkey,lparkey4l@google.co.jp,Agender,188.240.218.47
167,Anders,Sarle,asarle4m@twitpic.com,Male,58.181.16.209
168,Bartholemy,Pelz,bpelz4n@yellowbook.com,Male,1.204.194.123
169,Byron,Billings,bbillings4o@gravatar.com,Agender,169.50.49.215
170,Kris,Knotton,kknotton4p@sourceforge.net,Female,221.83.147.25
171,Alwyn,Skunes,askunes4q@cisco.com,Male,212.63.100.56
172,Sheridan,Gruczka,sgruczka4r@ebay.com,Male,131.72.64.126
173,Son,Speir,sspeir4s@mapy.cz,Male,65.196.3.230
174,Dede,Doulton,ddoulton4t@google.com.br,Female,16.13.167.16
175,Appolonia,McSporrin,amcsporrin4u@bigcartel.com,Female,200.90.32.246
176,Sherwynd,Cregan,scregan4v@ucoz.ru,Male,246.164.34.66
177,Holt,O'Towey,hotowey4w@amazon.co.uk,Male,187.214.45.9
178,Callean,Farney,cfarney4x@stanford.edu,Male,55.2.237.72
179,Padraig,Whitmore,pwhitmore4y@businessweek.com,Male,52.23.174.240
180,Gavrielle,Fraser,gfraser4z@hud.gov,Female,40.229.225.152
181,Erina,Scanes,escanes50@skyrock.com,Female,234.189.171.144
182,Perkin,Venton,pventon51@businessinsider.com,Male,80.193.219.208
183,Amby,Brodbin,abrodbin52@about.com,Male,233.185.131.30
184,Else,Giametti,egiametti53@ed.gov,Female,209.216.1.154
185,Ethelind,Betun,ebetun54@adobe.com,Female,178.136.91.58
186,Geno,Harvard,gharvard55@reverbnation.com,Male,163.190.242.93
187,Berna,Beden,bbeden56@geocities.com,Female,255.132.13.68
188,Maxine,Jeeves,mjeeves57@t.co,Female,117.107.232.114
189,Brok,Methingam,bmethingam58@geocities.jp,Male,226.235.109.234
190,Guss,Luthwood,gluthwood59@ning.com,Male,1.65.40.179
191,Stormy,Whitworth,swhitworth5a@imdb.com,Female,54.88.93.43
192,Marthe,Gulc,mgulc5b@unicef.org,Female,196.255.252.177
193,Juli,Gillogley,jgillogley5c@globo.com,Female,8.34.252.133
194,Mandi,Markwell,mmarkwell5d@nbcnews.com,Female,113.162.31.167
195,Melly,Crispe,mcrispe5e@flickr.com,Female,103.99.106.134
196,Clementius,Husthwaite,chusthwaite5f@accuweather.com,Male,112.200.3.62
197,Thorndike,Hamner,thamner5g@hatena.ne.jp,Male,209.157.16.234
198,Bruis,Trorey,btrorey5h@blogspot.com,Male,170.217.61.208
199,Morris,Housecraft,mhousecraft5i@chron.com,Male,160.199.59.180
200,Marylynne,Vlach,mvlach5j@cdbaby.com,Female,13.22.200.148
201,Horatio,Adamolli,hadamolli5k@webmd.com,Male,93.120.177.185
202,Reeta,Chell,rchell5l@ft.com,Female,173.198.41.4
203,Ninetta,Prugel,nprugel5m@taobao.com,Female,215.40.58.188
204,Osbert,Malt,omalt5n@canalblog.com,Male,216.67.75.105
205,Maximilianus,Wilshaw,mwilshaw5o@ow.ly,Male,104.127.78.255
206,Bary,Hunnybun,bhunnybun5p@marketwatch.com,Polygender,61.170.134.102
207,Munroe,Dreinan,mdreinan5q@elpais.com,Agender,66.83.95.103
208,Kacy,Frankis,kfrankis5r@miibeian.gov.cn,Female,19.88.163.189
209,Silvie,Pellett,spellett5s@virginia.edu,Female,126.224.193.15
210,Abagael,Kennelly,akennelly5t@wikimedia.org,Female,141.221.114.38
211,Udale,Riglar,uriglar5u@ft.com,Male,61.11.101.200
212,Zondra,Dietzler,zdietzler5v@wired.com,Female,132.190.202.33
213,Rickey,Carmen,rcarmen5w@technorati.com,Male,191.85.169.134
214,Berthe,Kubat,bkubat5x@wikipedia.org,Female,140.20.247.36
215,Skipton,Pley,spley5y@virginia.edu,Male,71.17.100.28
216,Rab,Fallens,rfallens5z@odnoklassniki.ru,Male,67.228.45.172
217,Noll,Mathieson,nmathieson60@stanford.edu,Male,114.229.127.93
218,Dru,Hanhardt,dhanhardt61@stumbleupon.com,Female,192.116.183.141
219,Mose,Damiata,mdamiata62@businessinsider.com,Bigender,137.72.217.76
220,Ab,Matej,amatej63@delicious.com,Male,50.118.43.146
221,Kameko,Benditt,kbenditt64@google.it,Genderfluid,185.253.7.18
222,Anne-corinne,Tooher,atooher65@sfgate.com,Female,181.24.43.119
223,Anabella,Gabbitas,agabbitas66@scribd.com,Female,88.10.51.130
224,Kelsey,Capelow,kcapelow67@opensource.org,Female,117.113.100.60
225,Lindie,Roja,lroja68@unesco.org,Female,252.151.119.226
226,Astrid,Kennedy,akennedy69@i2i.jp,Female,255.59.212.243
227,Conny,Coucher,ccoucher6a@mashable.com,Male,151.128.54.163
228,Anya,Thom,athom6b@mayoclinic.com,Female,67.60.143.59
229,Gracie,Malan,gmalan6c@vinaora.com,Female,195.98.103.64
230,Heywood,Grason,hgrason6d@geocities.com,Male,193.30.77.204
231,Marta,Camier,mcamier6e@illinois.edu,Female,195.57.7.80
232,Jarred,Gurling,jgurling6f@woothemes.com,Male,182.79.69.75
233,Denis,Battison,dbattison6g@mapy.cz,Male,210.131.161.0
234,Northrup,Matthias,nmatthias6h@yolasite.com,Male,156.9.138.115
235,Ethelin,Bazire,ebazire6i@cdc.gov,Non-binary,225.235.39.53
236,Yuma,Mugglestone,ymugglestone6j@simplemachines.org,Male,253.205.77.187
237,Cassius,Molfino,cmolfino6k@bloglines.com,Male,46.69.33.212
238,Katharine,Mahony,kmahony6l@ask.com,Female,35.196.53.172
239,Chicky,Slyde,cslyde6m@sciencedaily.com,Male,5.102.175.116
240,Demott,Collocott,dcollocott6n@independent.co.uk,Male,209.40.233.162
241,Merrick,Gimblett,mgimblett6o@imgur.com,Male,113.103.173.106
242,Ginelle,Moreno,gmoreno6p@histats.com,Female,249.30.227.74
243,Winni,Gerg,wgerg6q@vinaora.com,Female,50.185.160.87
244,Cathryn,Bodle,cbodle6r@vk.com,Female,49.81.177.236
245,Mellie,Barrasse,mbarrasse6s@nbcnews.com,Female,225.192.165.25
246,Olly,Iapico,oiapico6t@so-net.ne.jp,Female,79.82.90.234
247,Noella,Nisuis,nnisuis6u@si.edu,Female,16.140.156.45
248,Rorke,Handy,rhandy6v@umich.edu,Male,12.197.225.137
249,Orren,Blade,oblade6w@ucoz.ru,Male,146.101.111.101
250,Sunny,Guerreiro,sguerreiro6x@wikispaces.com,Female,125.23.32.29
251,Alice,Dunn,adunn6y@list-manage.com,Female,14.201.44.167
252,Alfy,Blumire,ablumire6z@baidu.com,Female,183.161.31.41
253,Patricia,Spavins,pspavins70@angelfire.com,Female,71.149.107.34
254,Nilson,Tape,ntape71@craigslist.org,Male,54.47.182.165
255,Vincents,Privost,vprivost72@cbc.ca,Male,27.153.10.124
256,Alvy,Mammatt,amammatt73@google.com.au,Male,215.106.109.56
257,Allie,Le Barr,alebarr74@artisteer.com,Female,240.83.42.240
258,Albie,Mayworth,amayworth75@webmd.com,Male,22.66.108.17
259,Minette,Stean,mstean76@seattletimes.com,Female,2.176.250.83
260,Dukey,Chirm,dchirm77@dot.gov,Genderqueer,67.27.141.129
261,Delilah,Loche,dloche78@desdev.cn,Agender,145.24.143.125
262,Chucho,Farn,cfarn79@cbc.ca,Male,61.190.76.226
263,Nataline,Franseco,nfranseco7a@howstuffworks.com,Female,177.109.102.198
264,Stefano,MacAindreis,smacaindreis7b@webeden.co.uk,Male,73.186.69.6
265,Biddy,Hardacre,bhardacre7c@nytimes.com,Female,234.190.204.58
266,Aristotle,Duiguid,aduiguid7d@answers.com,Male,46.164.100.8
267,June,Farmery,jfarmery7e@blogspot.com,Female,150.41.95.72
268,Albertine,Mallan,amallan7f@ucoz.com,Female,189.179.165.239
269,Woody,Semper,wsemper7g@uol.com.br,Male,205.154.175.201
270,Pansy,Bernon,pbernon7h@seesaa.net,Female,163.172.63.7
271,Elfrida,Cardnell,ecardnell7i@elegantthemes.com,Female,224.25.96.205
272,Roscoe,Bilverstone,rbilverstone7j@ucsd.edu,Male,231.139.12.222
273,Helaine,Clatworthy,hclatworthy7k@irs.gov,Female,117.6.104.13
274,La verne,Hazeley,lhazeley7l@baidu.com,Female,163.133.17.180
275,Shaughn,Adrien,sadrien7m@ucoz.com,Male,141.23.107.236
276,Hillyer,Cawt,hcawt7n@amazon.de,Male,210.54.8.206
277,Leonard,Hubbis,lhubbis7o@sogou.com,Genderfluid,80.139.122.152
278,Bryana,Defraine,bdefraine7p@sphinn.com,Female,252.216.109.31
279,Lorena,Skepper,lskepper7q@china.com.cn,Female,101.94.204.99
280,Suellen,Beauvais,sbeauvais7r@blog.com,Female,104.92.177.211
281,Bengt,Baron,bbaron7s@patch.com,Male,184.191.167.250
282,Yanaton,Eccles,yeccles7t@nbcnews.com,Male,82.49.79.158
283,Durant,Raccio,draccio7u@oracle.com,Male,40.72.99.252
284,Leda,Hinckesman,lhinckesman7v@about.com,Female,228.146.23.189
285,Kirstin,Myrie,kmyrie7w@dailymail.co.uk,Female,108.83.206.98
286,Hurleigh,Mcimmie,hmcimmie7x@nydailynews.com,Male,86.211.102.224
287,Eldin,Jacox,ejacox7y@mozilla.org,Male,217.108.169.68
288,Farley,Sporner,fsporner7z@hubpages.com,Male,200.37.239.76
289,Emmalynn,Vitall,evitall80@sakura.ne.jp,Female,179.31.210.43
290,Rozanna,Ianizzi,rianizzi81@sciencedirect.com,Genderqueer,18.222.50.191
291,Haley,Iddy,hiddy82@cnet.com,Female,170.28.224.65
292,Willy,Crickmoor,wcrickmoor83@squarespace.com,Male,54.10.231.156
293,Brandise,Halwood,bhalwood84@youtube.com,Female,209.145.21.114
294,Bria,Shirtliff,bshirtliff85@storify.com,Female,186.139.212.144
295,Sean,Cockerill,scockerill86@gravatar.com,Male,36.202.156.172
296,Kat,Mabbe,kmabbe87@jiathis.com,Female,30.36.57.139
297,Kurtis,Woodburn,kwoodburn88@boston.com,Male,208.180.210.107
298,Ev,Stacey,estacey89@simplemachines.org,Male,189.49.110.110
299,Milty,Asel,masel8a@china.com.cn,Male,71.245.236.228
300,Barret,Willis,bwillis8b@smugmug.com,Male,73.62.201.194
301,Cammi,Lipson,clipson8c@acquirethisname.com,Female,236.192.197.156
302,Giordano,Bedburrow,gbedburrow8d@instagram.com,Male,121.85.141.55
303,Wilhelmina,Hanmore,whanmore8e@geocities.jp,Female,94.96.71.76
304,Gene,Schukraft,gschukraft8f@sfgate.com,Male,148.7.253.142
305,Boniface,Mingay,bmingay8g@sakura.ne.jp,Male,238.244.11.175
306,Ave,Ottewell,aottewell8h@spotify.com,Male,56.2.198.115
307,Modestia,Witham,mwitham8i@youtu.be,Female,122.33.239.125
308,Randene,Tickner,rtickner8j@washington.edu,Female,169.202.57.217
309,Bron,Spear,bspear8k@eventbrite.com,Male,193.174.142.96
310,Oriana,Lunam,olunam8l@census.gov,Female,251.155.33.52
311,Ernesto,Freddi,efreddi8m@twitter.com,Male,167.58.156.203
312,Lonnard,Cohn,lcohn8n@live.com,Male,244.186.244.234
313,Lorain,Maykin,lmaykin8o@discovery.com,Female,131.245.65.130
314,Christal,Sagar,csagar8p@studiopress.com,Female,172.170.238.139
315,Davey,Eaglestone,deaglestone8q@gmpg.org,Male,233.187.157.86
316,Wilma,Heining,wheining8r@naver.com,Female,251.92.69.56
317,Judie,Sevior,jsevior8s@wikipedia.org,Female,122.30.69.170
318,Lucie,Burkitt,lburkitt8t@mit.edu,Female,29.148.64.40
319,Redford,Gregs,rgregs8u@smugmug.com,Male,133.198.198.216
320,Corina,Hyne,chyne8v@upenn.edu,Agender,114.121.12.86
321,Maria,Cannicott,mcannicott8w@123-reg.co.uk,Female,156.19.78.234
322,Tasha,Cromar,tcromar8x@deliciousdays.com,Female,110.175.170.122
323,Huberto,Syder,hsyder8y@ebay.co.uk,Male,35.99.124.192
324,Tootsie,Rivel,trivel8z@yahoo.com,Female,217.169.54.30
325,Asher,Cator,acator90@aboutads.info,Male,91.213.219.199
326,Mirella,Haug,mhaug91@japanpost.jp,Female,75.45.85.253
327,Willy,Imlin,wimlin92@geocities.jp,Female,176.168.130.50
328,Doretta,Heighway,dheighway93@bandcamp.com,Female,167.158.40.249
329,Ricki,Wickling,rwickling94@zdnet.com,Bigender,130.37.203.229
330,Thedrick,Dunkerley,tdunkerley95@paypal.com,Male,144.222.164.9
331,Hervey,Stiell,hstiell96@privacy.gov.au,Male,62.20.138.43
332,Mata,Turnor,mturnor97@dropbox.com,Male,83.23.158.255
333,Lucila,Carlet,lcarlet98@histats.com,Bigender,226.37.7.13
334,Meghann,Mold,mmold99@fastcompany.com,Female,106.192.107.220
335,Ashleigh,Tebbs,atebbs9a@ifeng.com,Female,245.69.58.94
336,Yvon,Voak,yvoak9b@hp.com,Male,230.76.171.34
337,Trudy,Pavlata,tpavlata9c@msn.com,Female,48.213.156.209
338,Aline,Burdus,aburdus9d@desdev.cn,Female,202.73.29.100
339,Cherise,Glyne,cglyne9e@webs.com,Female,105.112.230.188
340,Garnette,Stit,gstit9f@ezinearticles.com,Female,57.215.87.167
341,Clarance,Poltone,cpoltone9g@goodreads.com,Male,150.174.221.62
342,Priscella,Porter,pporter9h@discovery.com,Female,29.253.146.19
343,Gavin,Franciotti,gfranciotti9i@buzzfeed.com,Male,16.39.91.63
344,Bordie,Toothill,btoothill9j@seattletimes.com,Male,213.169.128.152
345,Levy,Ickeringill,lickeringill9k@ihg.com,Male,1.222.249.189
346,Shanon,Pattillo,spattillo9l@reference.com,Female,145.30.72.88
347,Ilyse,Wanek,iwanek9m@cyberchimps.com,Female,155.42.255.224
348,Audi,Gresswell,agresswell9n@1und1.de,Polygender,6.61.250.131
349,Kevina,Meineking,kmeineking9o@webeden.co.uk,Female,22.186.35.199
350,Levi,Wilcockes,lwilcockes9p@illinois.edu,Male,239.51.138.236
351,Bentlee,Gaskall,bgaskall9q@soup.io,Male,241.24.236.120
352,Inglis,Woodyear,iwoodyear9r@angelfire.com,Male,171.30.143.49
353,Ikey,Lidington,ilidington9s@phoca.cz,Male,69.147.32.69
354,Rozalie,Fosdick,rfosdick9t@a8.net,Female,65.144.188.163
355,Benyamin,Commusso,bcommusso9u@cafepress.com,Male,120.159.107.186
356,Benoit,Raw,braw9v@alibaba.com,Male,227.42.43.20
357,Jemimah,Hext,jhext9w@techcrunch.com,Female,87.171.51.198
358,Rebbecca,Arro,rarro9x@nature.com,Female,3.227.219.72
359,Aluin,Derington,aderington9y@indiatimes.com,Male,115.26.211.214
360,Ardeen,Simunek,asimunek9z@phoca.cz,Female,105.76.80.93
361,Mabelle,Lauxmann,mlauxmanna0@globo.com,Female,185.14.190.218
362,Isidoro,Turmall,iturmalla1@sciencedirect.com,Male,98.127.182.73
363,Waldemar,Warmington,wwarmingtona2@t.co,Male,162.211.1.161
364,Brew,Althrope,balthropea3@cloudflare.com,Male,171.4.65.190
365,Wilow,Brown,wbrowna4@sciencedirect.com,Female,6.152.146.171
366,Bondy,Peeke-Vout,bpeekevouta5@eepurl.com,Male,177.40.25.0
367,Julia,Upjohn,jupjohna6@dmoz.org,Female,233.83.86.5
368,Hillie,Lease,hleasea7@prweb.com,Male,32.38.18.45
369,Minta,Gouldstone,mgouldstonea8@walmart.com,Female,25.128.179.6
370,Beverly,Slowly,bslowlya9@purevolume.com,Female,231.112.192.116
371,Natty,Blackstock,nblackstockaa@simplemachines.org,Female,157.55.210.71
372,Ulla,Fadian,ufadianab@jugem.jp,Female,25.48.52.54
373,Lavinia,Gilvary,lgilvaryac@unicef.org,Female,11.14.185.207
374,Robb,Hugueville,rhuguevillead@constantcontact.com,Male,136.124.6.220
375,Kendra,Blakden,kblakdenae@linkedin.com,Female,214.212.238.170
376,Kamilah,Leeburn,kleeburnaf@nsw.gov.au,Female,65.40.186.15
377,Irwinn,Rubie,irubieag@digg.com,Male,32.185.179.204
378,Reed,McQuie,rmcquieah@freewebs.com,Male,125.82.121.222
379,Vincenty,Willgrass,vwillgrassai@yahoo.com,Male,46.186.2.168
380,Marcy,Blaze,mblazeaj@hugedomains.com,Female,110.57.197.188
381,Abram,Kermitt,akermittak@fastcompany.com,Male,105.241.195.188
382,Easter,Polack,epolackal@infoseek.co.jp,Female,87.154.206.119
383,Kris,Broadley,kbroadleyam@uol.com.br,Female,179.242.213.130
384,Kathlin,Creese,kcreesean@hibu.com,Female,18.134.4.164
385,Rik,De Michetti,rdemichettiao@1und1.de,Male,239.133.76.140
386,Lorene,Oldershaw,loldershawap@istockphoto.com,Female,0.137.78.71
387,Rhona,Dimitriades,rdimitriadesaq@dedecms.com,Female,117.200.132.64
388,Ingelbert,Burchess,iburchessar@chron.com,Male,119.6.101.80
389,Halie,Juza,hjuzaas@marketwatch.com,Female,247.200.105.37
390,Athene,Nuccii,anucciiat@ezinearticles.com,Female,101.120.129.253
391,Corabel,Leschelle,cleschelleau@trellian.com,Female,242.150.123.139
392,Duffie,Piegrome,dpiegromeav@washingtonpost.com,Male,133.18.241.63
393,Zabrina,Florentine,zflorentineaw@sourceforge.net,Female,126.85.161.22
394,Lelia,Comfort,lcomfortax@who.int,Female,235.88.142.103
395,Brice,Rain,brainay@ft.com,Male,92.180.4.169
396,Pearline,Blest,pblestaz@ehow.com,Genderqueer,135.150.240.28
397,Sherwood,D'Avaux,sdavauxb0@soup.io,Polygender,132.238.105.251
398,Dehlia,Pandie,dpandieb1@jigsy.com,Genderqueer,182.33.25.233
399,Jeno,Aleshintsev,jaleshintsevb2@uol.com.br,Genderfluid,104.185.183.65
400,Dalton,Poncet,dponcetb3@unesco.org,Male,105.230.95.130
401,Tanner,Mochan,tmochanb4@biblegateway.com,Male,126.131.55.18
402,Marna,Boffey,mboffeyb5@jalbum.net,Female,207.108.69.186
403,Genevieve,Slimming,gslimmingb6@over-blog.com,Female,118.113.52.248
404,Giustino,Prattin,gprattinb7@ox.ac.uk,Male,32.206.127.84
405,Bennett,Deddum,bdeddumb8@pbs.org,Agender,50.39.178.211
406,Matty,Spaule,mspauleb9@cnet.com,Bigender,251.239.225.180
407,Donnell,Jolliff,djolliffba@elegantthemes.com,Male,144.191.222.25
408,Earle,Zettoi,ezettoibb@eepurl.com,Male,73.130.74.248
409,Kelsi,Pischof,kpischofbc@home.pl,Female,229.151.214.3
410,Dasie,Flicker,dflickerbd@pcworld.com,Female,209.125.17.208
411,Kennan,Villa,kvillabe@vimeo.com,Male,39.192.112.126
412,Jeremie,Gosse,jgossebf@mit.edu,Bigender,58.160.109.0
413,Karyn,Karoly,kkarolybg@51.la,Non-binary,68.68.88.180
414,Marita,Krysztofowicz,mkrysztofowiczbh@weebly.com,Genderqueer,195.33.146.177
415,Thornie,Dreigher,tdreigherbi@github.io,Male,54.121.79.155
416,Tarah,Somersett,tsomersettbj@nationalgeographic.com,Female,139.237.212.101
417,Peadar,Tellenbroker,ptellenbrokerbk@about.com,Male,47.251.244.239
418,Kiley,Slowcock,kslowcockbl@hibu.com,Female,157.191.171.45
419,Nannie,Mahaffey,nmahaffeybm@trellian.com,Female,189.181.252.170
420,Jocko,Alton,jaltonbn@issuu.com,Male,254.111.57.110
421,Mar,Spieck,mspieckbo@oakley.com,Male,79.237.229.142
422,Robb,Standell,rstandellbp@ibm.com,Male,10.18.31.97
423,Anissa,Lindro,alindrobq@a8.net,Female,229.223.121.99
424,Sherill,Cozzi,scozzibr@ed.gov,Non-binary,42.225.186.153
425,Kerwinn,Biset,kbisetbs@parallels.com,Male,187.211.177.181
426,Imojean,Boylan,iboylanbt@i2i.jp,Female,19.95.124.92
427,Amelia,Medling,amedlingbu@deviantart.com,Genderfluid,252.185.232.125
428,Jeremias,Droghan,jdroghanbv@purevolume.com,Male,65.152.51.176
429,Domini,Graybeal,dgraybealbw@slate.com,Female,70.202.165.158
430,Kermy,Stobbart,kstobbartbx@narod.ru,Male,191.41.162.37
431,Germayne,Gettings,ggettingsby@microsoft.com,Male,66.47.20.51
432,Lamont,Iltchev,liltchevbz@java.com,Male,248.161.234.255
433,Remington,Vittery,rvitteryc0@baidu.com,Male,91.11.167.141
434,Seumas,Brobyn,sbrobync1@washingtonpost.com,Male,56.49.194.139
435,Clevey,Lowman,clowmanc2@friendfeed.com,Male,157.179.235.107
436,Celinda,Trengrove,ctrengrovec3@prlog.org,Female,205.43.224.170
437,Artemas,Sterrie,asterriec4@livejournal.com,Male,237.164.221.117
438,Milka,Saunderson,msaundersonc5@dell.com,Female,172.46.133.100
439,Sande,Swaine,sswainec6@feedburner.com,Female,114.112.197.230
440,Erskine,Demogeot,edemogeotc7@springer.com,Male,113.129.162.227
441,Bunni,Cuseck,bcuseckc8@senate.gov,Polygender,16.195.192.217
442,Christean,Spore,csporec9@surveymonkey.com,Female,54.224.178.220
443,Isidro,Cranmore,icranmoreca@xinhuanet.com,Male,117.75.144.129
444,Goldia,Belcher,gbelchercb@blogspot.com,Female,118.6.121.117
445,Talyah,Reichardt,treichardtcc@cocolog-nifty.com,Female,48.83.29.151
446,Emilia,Etchell,eetchellcd@sun.com,Female,123.46.185.68
447,Irvin,Silvermann,isilvermannce@tinyurl.com,Male,228.54.163.148
448,Curtice,Fautly,cfautlycf@prweb.com,Male,51.42.196.238
449,Adolphe,Jerisch,ajerischcg@howstuffworks.com,Male,174.164.4.221
450,Noland,O'Riordan,noriordanch@aol.com,Male,119.223.76.35
451,Gretel,Burgin,gburginci@nytimes.com,Female,53.143.98.243
452,Kally,Fishlee,kfishleecj@spiegel.de,Female,109.55.241.154
453,Freemon,Lupton,fluptonck@marriott.com,Male,159.111.223.114
454,Kendell,Madre,kmadrecl@so-net.ne.jp,Male,173.145.58.177
455,Ignaz,Ivanishin,iivanishincm@sitemeter.com,Male,57.166.91.192
456,Amalie,Seagar,aseagarcn@google.pl,Female,135.67.63.170
457,Thurstan,Buggs,tbuggsco@canalblog.com,Male,233.37.119.16
458,Nedi,Oene,noenecp@acquirethisname.com,Female,37.179.81.79
459,Marmaduke,Hunte,mhuntecq@usnews.com,Male,212.180.33.150
460,Ringo,Killingbeck,rkillingbeckcr@disqus.com,Male,235.140.69.110
461,Celinka,Tonner,ctonnercs@booking.com,Bigender,149.193.91.135
462,Doll,Moens,dmoensct@etsy.com,Female,8.93.251.73
463,Neely,Samwaye,nsamwayecu@webmd.com,Female,46.59.238.188
464,Myrna,Sheahan,msheahancv@issuu.com,Female,227.240.5.22
465,Giffy,Devote,gdevotecw@indiegogo.com,Bigender,10.147.163.201
466,Tyler,McHaffy,tmchaffycx@wordpress.com,Male,111.183.137.194
467,Neila,Bosche,nboschecy@gravatar.com,Female,14.51.12.107
468,Fifi,Teggart,fteggartcz@admin.ch,Female,247.24.177.166
469,Waylen,Kirrage,wkirraged0@arizona.edu,Male,48.81.154.135
470,Borden,Douglas,bdouglasd1@rakuten.co.jp,Male,207.212.191.53
471,Daniela,Allawy,dallawyd2@examiner.com,Female,155.211.239.68
472,Flint,Thornhill,fthornhilld3@joomla.org,Male,118.0.144.49
473,Jonathon,Fairburne,jfairburned4@epa.gov,Male,121.121.229.110
474,Caitlin,Zeal,czeald5@livejournal.com,Non-binary,30.187.251.84
475,Mohandis,Learmonth,mlearmonthd6@rediff.com,Male,244.6.161.233
476,Justinian,Eva,jevad7@comsenz.com,Male,143.189.33.233
477,Rosita,Wigfield,rwigfieldd8@jiathis.com,Female,100.48.178.158
478,Kaleb,Zammitt,kzammittd9@cloudflare.com,Male,251.171.118.79
479,Fionnula,Thecham,fthechamda@networkadvertising.org,Agender,71.62.137.242
480,Tudor,Bambrick,tbambrickdb@narod.ru,Male,251.109.216.81
481,Eveline,Greatex,egreatexdc@dmoz.org,Female,15.18.250.69
482,Constantina,Passion,cpassiondd@oakley.com,Non-binary,5.5.134.192
483,Quintin,Raiker,qraikerde@aol.com,Male,253.99.11.106
484,Starr,Hugin,shugindf@hugedomains.com,Female,144.128.165.0
485,Craggy,Croisier,ccroisierdg@sciencedaily.com,Male,26.239.45.114
486,Archibaldo,Creer,acreerdh@chicagotribune.com,Male,54.252.52.183
487,Evey,Maraga,emaragadi@ifeng.com,Female,200.191.243.248
488,Kenon,Lindstrom,klindstromdj@vk.com,Male,115.100.203.161
489,Nicky,Geerits,ngeeritsdk@hugedomains.com,Female,195.191.40.219
490,Andros,Itzkov,aitzkovdl@biglobe.ne.jp,Male,189.199.209.16
491,Augy,Gemeau,agemeaudm@who.int,Male,50.33.91.147
492,Marlane,Conrard,mconrarddn@businessinsider.com,Female,173.92.161.17
493,Cash,Gatcliff,cgatcliffdo@livejournal.com,Male,241.132.242.137
494,Emlyn,Issacson,eissacsondp@apache.org,Male,169.206.200.190
495,Lethia,Benedetti,lbenedettidq@ucoz.ru,Female,35.141.122.119
496,Melloney,Kundt,mkundtdr@fc2.com,Female,174.219.40.72
497,Syd,Dominique,sdominiqueds@oracle.com,Male,105.30.203.72
498,Naoma,Gawkroge,ngawkrogedt@163.com,Female,59.114.208.118
499,Colette,Rubinowitz,crubinowitzdu@addthis.com,Female,9.1.38.28
500,Velvet,Baythorp,vbaythorpdv@surveymonkey.com,Female,151.113.20.98
501,Adrian,Laxe,alaxedw@altervista.org,Male,188.131.226.30
502,Torre,Ebertz,tebertzdx@moonfruit.com,Male,33.159.94.229
503,Amy,Lurcock,alurcockdy@cloudflare.com,Female,52.219.84.201
504,Simeon,Hartlebury,shartleburydz@nifty.com,Male,15.21.8.50
505,Rhodia,MacFarlan,rmacfarlane0@studiopress.com,Female,12.188.24.74
506,Nevins,Rasper,nraspere1@paginegialle.it,Male,24.52.13.155
507,Ginny,Moultrie,gmoultriee2@si.edu,Bigender,40.48.183.85
508,Jobie,Comino,jcominoe3@freewebs.com,Female,147.53.132.173
509,Abbe,O'Sesnane,aosesnanee4@scribd.com,Female,177.129.199.106
510,Ogdan,Drabble,odrabblee5@diigo.com,Male,169.112.113.158
511,Hephzibah,Northen,hnorthene6@yahoo.com,Female,165.102.237.192
512,Artemis,California,acaliforniae7@php.net,Male,107.75.24.10
513,Merwin,Edmans,medmanse8@google.com.au,Genderqueer,185.66.177.187
514,Base,Callister,bcallistere9@washingtonpost.com,Male,253.225.252.193
515,Gordan,Turrill,gturrillea@over-blog.com,Polygender,255.50.86.100
516,Karla,Serjeant,kserjeanteb@amazon.com,Female,123.48.172.161
517,Osborne,Spillman,ospillmanec@aol.com,Genderfluid,213.88.126.157
518,Kelci,Genese,kgeneseed@blogger.com,Female,206.83.7.16
519,Pammi,Abbets,pabbetsee@amazon.de,Female,70.241.215.31
520,Kristy,Dumingo,kdumingoef@usgs.gov,Female,185.101.176.207
521,Even,Paoloni,epaolonieg@netvibes.com,Male,188.225.154.23
522,Dolph,Veitch,dveitcheh@sbwire.com,Agender,15.196.42.8
523,Alane,Duxbury,aduxburyei@amazon.com,Female,150.19.251.61
524,Eben,Fenix,efenixej@businessweek.com,Male,209.135.139.115
525,Karlyn,Vernall,kvernallek@quantcast.com,Genderqueer,25.250.8.102
526,Dorita,Vinden,dvindenel@addtoany.com,Female,182.85.223.88
527,Falito,Wardhough,fwardhoughem@nhs.uk,Male,140.162.99.143
528,Lilli,Daber,ldaberen@wunderground.com,Female,81.6.99.245
529,Carmelina,Arboine,carboineeo@yellowpages.com,Female,202.172.184.227
530,Neron,Hasell,nhasellep@google.co.uk,Male,14.214.124.156
531,Sallee,Grafhom,sgrafhomeq@xing.com,Female,135.79.210.150
532,Di,Jakuszewski,djakuszewskier@mysql.com,Female,198.27.86.3
533,Ximenes,Stile,xstilees@google.es,Male,103.119.220.108
534,Naomi,Ryding,nrydinget@sciencedaily.com,Bigender,101.190.81.136
535,Nichole,Daunay,ndaunayeu@abc.net.au,Male,193.29.239.32
536,Richart,Kastel,rkastelev@wunderground.com,Polygender,8.157.85.253
537,Faye,Wanklyn,fwanklynew@seattletimes.com,Female,138.160.174.147
538,Tiler,Babb,tbabbex@blogtalkradio.com,Male,197.122.127.187
539,Aldrich,Roberds,aroberdsey@ftc.gov,Male,181.29.124.110
540,Hillel,Capaldo,hcapaldoez@hibu.com,Male,188.126.96.146
541,Emmet,Spoward,espowardf0@com.com,Male,237.162.157.157
542,Zelig,Jarry,zjarryf1@yolasite.com,Male,58.77.68.15
543,Clerc,Silversmidt,csilversmidtf2@domainmarket.com,Male,132.247.243.79
544,Elva,Harker,eharkerf3@google.nl,Female,192.166.26.254
545,Howey,Kennington,hkenningtonf4@sogou.com,Male,212.173.102.57
546,Stearn,Foulger,sfoulgerf5@blogspot.com,Male,190.98.54.113
547,Byran,Dalligan,bdalliganf6@state.tx.us,Male,51.243.129.134
548,Des,Gilfoy,dgilfoyf7@xing.com,Male,139.233.183.135
549,Stefan,Rowlands,srowlandsf8@etsy.com,Male,103.152.163.254
550,Micheil,Kinglake,mkinglakef9@sakura.ne.jp,Male,234.193.49.128
551,Harriet,Rhys,hrhysfa@fc2.com,Female,58.251.162.8
552,Giacopo,Grills,ggrillsfb@storify.com,Male,52.169.126.200
553,Avivah,Vizor,avizorfc@europa.eu,Female,172.150.64.138
554,Antonio,Leinthall,aleinthallfd@mysql.com,Male,17.225.210.146
555,Alfredo,Stobbe,astobbefe@acquirethisname.com,Male,243.87.232.164
556,Melissa,McGarel,mmcgarelff@vk.com,Female,125.166.157.187
557,Alejoa,Abbison,aabbisonfg@cmu.edu,Male,33.131.63.163
558,Raul,Slocomb,rslocombfh@sciencedirect.com,Non-binary,70.75.149.197
559,Tim,Saffle,tsafflefi@miibeian.gov.cn,Female,243.33.195.182
560,Ashley,Alvarado,aalvaradofj@answers.com,Male,253.37.54.74
561,Rhianon,Varcoe,rvarcoefk@tinyurl.com,Female,216.127.24.157
562,Zilvia,Bisiker,zbisikerfl@state.gov,Female,10.164.150.122
563,Eveleen,McCue,emccuefm@umn.edu,Female,160.167.35.245
564,Barris,Szymanowski,bszymanowskifn@exblog.jp,Male,197.57.59.92
565,Tabitha,Itzakovitz,titzakovitzfo@barnesandnoble.com,Female,152.175.44.250
566,Stafford,Middlewick,smiddlewickfp@behance.net,Male,92.234.121.214
567,Laney,Oolahan,loolahanfq@vkontakte.ru,Male,149.153.182.197
568,Angelo,Urrey,aurreyfr@wiley.com,Male,154.96.63.104
569,Morry,Tynnan,mtynnanfs@nifty.com,Male,140.118.228.171
570,Madelene,Dagnan,mdagnanft@indiatimes.com,Female,183.177.180.248
571,Moselle,Vockings,mvockingsfu@rakuten.co.jp,Female,244.10.205.209
572,Barri,Anstead,bansteadfv@elegantthemes.com,Male,41.215.5.205
573,Donnajean,Bradbrook,dbradbrookfw@china.com.cn,Polygender,96.213.196.109
574,Minna,Criple,mcriplefx@biglobe.ne.jp,Female,162.39.242.195
575,Anderea,Jee,ajeefy@businessinsider.com,Female,23.12.28.228
576,Rodney,Leemans,rleemansfz@google.de,Male,150.91.240.136
577,Tanner,Blaydes,tblaydesg0@wikia.com,Male,241.4.69.92
578,Carny,Wilkins,cwilkinsg1@delicious.com,Male,223.134.237.9
579,Catlin,Bartalin,cbartaling2@go.com,Female,92.109.189.231
580,Angeline,Muzzall,amuzzallg3@furl.net,Female,91.126.118.159
581,Moina,Simnett,msimnettg4@dagondesign.com,Female,123.27.200.96
582,Stephine,Pietruszewicz,spietruszewiczg5@de.vu,Female,212.221.15.214
583,Husain,Quimby,hquimbyg6@baidu.com,Male,193.251.72.195
584,Jarad,Melbourn,jmelbourng7@umich.edu,Male,121.216.111.212
585,Galvin,Goodreid,ggoodreidg8@miitbeian.gov.cn,Male,249.150.182.126
586,Staffard,Mackinder,smackinderg9@yahoo.com,Male,210.113.91.47
587,Bartlett,Aubri,baubriga@google.cn,Male,164.144.201.150
588,Estelle,Segar,esegargb@deliciousdays.com,Bigender,255.166.90.219
589,Ondrea,Gladtbach,ogladtbachgc@1688.com,Female,146.233.155.153
590,Petey,Bengal,pbengalgd@homestead.com,Male,53.28.190.168
591,Gardie,Vian,gviange@hostgator.com,Male,190.190.192.19
592,Nicolis,O'Geneay,nogeneaygf@ucla.edu,Male,41.6.202.45
593,Candi,Klinck,cklinckgg@slideshare.net,Female,167.247.55.246
594,Maison,Ligoe,mligoegh@com.com,Genderfluid,112.181.104.38
595,Alano,Blakely,ablakelygi@ow.ly,Male,151.198.12.37
596,Cristen,Statter,cstattergj@discovery.com,Female,224.16.47.230
597,Tammara,Glasbey,tglasbeygk@technorati.com,Female,197.50.128.115
598,Fiona,Graffin,fgraffingl@baidu.com,Female,49.64.121.136
599,Eward,Sollas,esollasgm@opera.com,Male,188.175.63.23
600,Linell,Whether,lwhethergn@cocolog-nifty.com,Female,92.220.15.216
601,Angel,Deluze,adeluzego@altervista.org,Female,31.203.168.235
602,Gill,Vowells,gvowellsgp@pen.io,Male,224.220.189.193
603,Johan,Linden,jlindengq@gmpg.org,Genderfluid,163.108.102.185
604,Manfred,Gethyn,mgethyngr@oracle.com,Bigender,35.178.247.215
605,Ram,Paur,rpaurgs@telegraph.co.uk,Male,197.39.138.246
606,Camila,Minchinden,cminchindengt@cargocollective.com,Genderfluid,155.246.59.101
607,Clarey,Crisall,ccrisallgu@ifeng.com,Female,214.34.151.242
608,Adrian,Bicksteth,abickstethgv@gravatar.com,Male,191.148.125.56
609,Aindrea,Rubinowicz,arubinowiczgw@oaic.gov.au,Female,24.73.215.192
610,Annis,De Filippis,adefilippisgx@marketwatch.com,Female,112.196.135.83
611,Karoly,Spragg,kspragggy@imageshack.us,Female,219.98.43.215
612,Tarah,Berfoot,tberfootgz@prweb.com,Female,188.224.106.6
613,Finley,Works,fworksh0@nationalgeographic.com,Male,85.76.181.24
614,Calida,Bonafant,cbonafanth1@gizmodo.com,Female,186.37.32.13
615,Shana,Mayall,smayallh2@sfgate.com,Female,151.28.24.34
616,Gerri,Yann,gyannh3@360.cn,Male,38.33.117.11
617,Francesca,Fishwick,ffishwickh4@plala.or.jp,Female,113.106.135.203
618,Tabb,Agge,taggeh5@xing.com,Male,72.131.147.96
619,Fabio,Lachaize,flachaizeh6@skype.com,Polygender,8.228.223.21
620,Walden,Rubinsky,wrubinskyh7@yolasite.com,Male,182.136.251.177
621,Artair,Stearley,astearleyh8@facebook.com,Male,153.20.242.181
622,Arlyne,Fashion,afashionh9@tmall.com,Female,23.29.157.18
623,Orel,Bricksey,obrickseyha@cpanel.net,Female,250.85.130.118
624,Luci,Sawley,lsawleyhb@fema.gov,Female,210.33.0.177
625,Wallache,Randle,wrandlehc@cbsnews.com,Male,105.170.190.207
626,Philomena,Hackinge,phackingehd@home.pl,Polygender,216.178.73.235
627,Clarke,Loughney,cloughneyhe@buzzfeed.com,Male,189.48.97.231
628,Chelsie,Terbeck,cterbeckhf@ycombinator.com,Female,9.25.102.155
629,Kaitlin,Oldis,koldishg@infoseek.co.jp,Female,202.33.60.46
630,Ambros,McCready,amccreadyhh@plala.or.jp,Male,73.114.101.188
631,Beltran,Kinnerley,bkinnerleyhi@ameblo.jp,Male,211.35.22.139
632,Gracie,Comazzo,gcomazzohj@com.com,Female,251.208.174.206
633,Berky,Havelin,bhavelinhk@hao123.com,Male,227.119.52.170
634,Ignace,Beaton,ibeatonhl@si.edu,Male,239.23.65.183
635,Joanna,Wylam,jwylamhm@instagram.com,Bigender,109.207.139.192
636,Isidore,Palke,ipalkehn@skype.com,Male,227.45.20.219
637,Noak,Errett,nerrettho@google.es,Male,244.214.90.211
638,Jozef,Crauford,jcraufordhp@elegantthemes.com,Male,92.204.248.54
639,Randie,Albert,ralberthq@engadget.com,Female,96.219.192.198
640,Issie,Johnstone,ijohnstonehr@shop-pro.jp,Female,71.209.96.134
641,Bruno,Tuplin,btuplinhs@loc.gov,Male,179.133.92.173
642,Arel,Kegg,akegght@4shared.com,Male,202.190.103.175
643,Malinde,Langworthy,mlangworthyhu@geocities.com,Female,143.217.13.40
644,Ira,Halshaw,ihalshawhv@sphinn.com,Male,138.163.212.165
645,Ragnar,Sandland,rsandlandhw@alibaba.com,Non-binary,255.255.114.206
646,Tobie,Spry,tspryhx@goodreads.com,Male,213.253.143.66
647,Valentine,Shoreman,vshoremanhy@weibo.com,Polygender,220.114.95.216
648,Banky,Robens,brobenshz@angelfire.com,Male,247.130.65.68
649,Doreen,Strong,dstrongi0@woothemes.com,Female,23.152.132.101
650,Devlin,Baldwin,dbaldwini1@seesaa.net,Genderfluid,37.37.229.107
651,Reeva,Benfell,rbenfelli2@ted.com,Female,255.242.242.108
652,Veriee,Place,vplacei3@over-blog.com,Female,218.116.85.197
653,Cherye,Bevir,cbeviri4@netscape.com,Female,173.236.16.11
654,Deny,Chalice,dchalicei5@smugmug.com,Female,28.110.248.78
655,Nolan,Jellard,njellardi6@domainmarket.com,Male,254.50.120.120
656,Corissa,Geany,cgeanyi7@netvibes.com,Female,75.147.19.81
657,Ario,Struan,astruani8@nps.gov,Male,21.9.103.143
658,Wilden,Renols,wrenolsi9@exblog.jp,Male,182.64.24.187
659,Carolann,Given,cgivenia@facebook.com,Female,176.119.163.61
660,Burch,Bwye,bbwyeib@sciencedaily.com,Male,62.191.215.92
661,Davey,Maskrey,dmaskreyic@cloudflare.com,Male,23.86.78.94
662,Rudiger,Wanstall,rwanstallid@soundcloud.com,Male,252.10.229.175
663,Marijn,Hollingdale,mhollingdaleie@phoca.cz,Male,50.247.167.196
664,Tera,O'Kinneally,tokinneallyif@oracle.com,Female,172.110.134.22
665,Ashlan,Dooler,adoolerig@desdev.cn,Bigender,181.213.197.206
666,Halsey,Blackster,hblacksterih@google.ru,Male,28.19.73.173
667,Rollin,Tatchell,rtatchellii@comcast.net,Male,55.55.135.181
668,Sallyanne,Goodoune,sgoodouneij@paypal.com,Female,118.194.65.69
669,Devora,Dubble,ddubbleik@ed.gov,Agender,172.1.35.180
670,Coop,Aiston,caistonil@seattletimes.com,Male,53.189.34.58
671,Augusta,Mursell,amursellim@ameblo.jp,Female,220.55.90.249
672,Timi,Dochon,tdochonin@canalblog.com,Female,168.35.40.202
673,Donal,Camplejohn,dcamplejohnio@cloudflare.com,Male,95.63.27.239
674,Jacinthe,Dislee,jdisleeip@deliciousdays.com,Bigender,194.173.193.239
675,Teador,Sharrard,tsharrardiq@biglobe.ne.jp,Male,7.41.139.237
676,Raimondo,Baird,rbairdir@plala.or.jp,Male,217.2.70.43
677,Corrine,Battle,cbattleis@loc.gov,Female,49.110.122.119
678,Marna,Eddington,meddingtonit@reddit.com,Female,226.44.203.68
679,Timofei,Kellen,tkelleniu@engadget.com,Male,48.215.195.10
680,Dixie,Feeham,dfeehamiv@nbcnews.com,Female,21.22.109.39
681,Konstanze,Allgood,kallgoodiw@rediff.com,Female,241.3.69.153
682,Cornelius,Smalley,csmalleyix@merriam-webster.com,Male,139.61.108.245
683,Frankie,Anderbrugge,fanderbruggeiy@xinhuanet.com,Female,33.54.104.98
684,Elaine,MacEllen,emacelleniz@tuttocitta.it,Female,66.145.135.140
685,Tabbitha,Cutforth,tcutforthj0@wordpress.com,Female,119.232.248.139
686,Edin,Wigfield,ewigfieldj1@hubpages.com,Female,231.130.122.147
687,Melicent,De Goey,mdegoeyj2@nifty.com,Female,218.147.158.250
688,Latashia,Crumb,lcrumbj3@webmd.com,Female,238.149.185.8
689,Carlos,De Andreis,cdeandreisj4@latimes.com,Male,203.156.11.178
690,Garrick,Endon,gendonj5@ifeng.com,Male,86.66.104.117
691,Richardo,Travers,rtraversj6@reverbnation.com,Male,156.160.224.88
692,Othello,Lossman,olossmanj7@shop-pro.jp,Male,129.4.179.188
693,Shara,Minor,sminorj8@statcounter.com,Female,33.56.99.41
694,Bond,Kondratenko,bkondratenkoj9@skype.com,Male,115.191.47.154
695,Evangelia,Rayman,eraymanja@alibaba.com,Female,220.214.66.181
696,Clare,Brazenor,cbrazenorjb@indiegogo.com,Male,237.28.150.254
697,Jaime,Barfield,jbarfieldjc@i2i.jp,Male,9.35.0.18
698,Editha,Howe,ehowejd@huffingtonpost.com,Female,43.80.60.83
699,Myron,Wrightem,mwrightemje@angelfire.com,Male,147.231.175.130
700,Marjory,Britton,mbrittonjf@businessinsider.com,Female,138.202.228.178
701,Aldin,Clitherow,aclitherowjg@yale.edu,Male,117.219.136.131
702,Margette,Spriddle,mspriddlejh@privacy.gov.au,Female,28.162.62.98
703,Alberto,Knottley,aknottleyji@army.mil,Male,107.6.2.91
704,Kipper,Joscelin,kjoscelinjj@yellowpages.com,Male,108.193.154.88
705,Braden,Crat,bcratjk@canalblog.com,Male,21.195.190.211
706,Benjy,Drewry,bdrewryjl@google.nl,Male,134.60.118.136
707,Waylin,Ccomini,wccominijm@businessinsider.com,Male,214.98.223.253
708,Sibley,Popescu,spopescujn@xrea.com,Female,252.75.89.43
709,Chico,Kingwell,ckingwelljo@yahoo.co.jp,Male,47.35.142.115
710,Cris,Trevithick,ctrevithickjp@harvard.edu,Female,198.33.28.151
711,Trudie,Greeding,tgreedingjq@nbcnews.com,Female,208.65.70.67
712,Philippa,Snibson,psnibsonjr@wordpress.org,Female,164.184.40.148
713,Mady,Balmer,mbalmerjs@ox.ac.uk,Female,55.44.107.171
714,Ransell,Van Leeuwen,rvanleeuwenjt@mozilla.com,Male,136.126.112.246
715,Virgilio,Smoote,vsmooteju@odnoklassniki.ru,Male,234.67.80.168
716,Sig,Harrow,sharrowjv@symantec.com,Male,201.242.54.113
717,Hunfredo,Gioan,hgioanjw@nydailynews.com,Male,51.32.15.182
718,Rog,Webber,rwebberjx@moonfruit.com,Male,108.204.190.93
719,Catharina,Sanja,csanjajy@posterous.com,Female,111.24.28.193
720,Artemis,Hollier,ahollierjz@facebook.com,Male,20.94.72.178
721,Laverne,Hartmann,lhartmannk0@issuu.com,Female,81.219.254.4
722,Ruddy,Medlar,rmedlark1@engadget.com,Bigender,141.33.145.218
723,Ramonda,Malley,rmalleyk2@sitemeter.com,Female,195.215.161.181
724,Bette,Ellicombe,bellicombek3@dyndns.org,Female,29.60.184.201
725,Ludvig,Crissil,lcrissilk4@businessinsider.com,Male,88.94.5.227
726,Sheffie,Hagley,shagleyk5@tuttocitta.it,Male,235.59.7.90
727,Stanwood,Fligg,sfliggk6@ibm.com,Male,108.239.32.173
728,Byram,Ovitz,bovitzk7@reverbnation.com,Male,255.210.109.245
729,Mead,Abelov,mabelovk8@xing.com,Female,199.255.177.195
730,Alex,Titterington,atitteringtonk9@upenn.edu,Genderfluid,106.247.16.104
731,Ronny,Benitez,rbenitezka@smh.com.au,Male,243.209.234.193
732,Ximenes,Whitmore,xwhitmorekb@psu.edu,Male,78.247.155.126
733,Alaric,Penrose,apenrosekc@uol.com.br,Male,81.44.53.247
734,Edythe,Hrinchishin,ehrinchishinkd@columbia.edu,Female,250.207.142.175
735,Fin,Lisciandro,flisciandroke@storify.com,Male,215.138.142.240
736,Fayre,Faulds,ffauldskf@mtv.com,Female,52.158.209.173
737,Iseabal,Halgarth,ihalgarthkg@senate.gov,Female,97.38.228.0
738,Matthaeus,Serot,mserotkh@last.fm,Male,237.253.107.82
739,Britta,Ollenbuttel,bollenbuttelki@networksolutions.com,Female,68.84.222.32
740,Samara,Scholcroft,sscholcroftkj@baidu.com,Non-binary,130.217.5.166
741,Vonnie,Trudgion,vtrudgionkk@wsj.com,Female,114.245.25.37
742,Maye,Glenfield,mglenfieldkl@hibu.com,Female,250.214.59.240
743,Kelli,Hildrew,khildrewkm@ucla.edu,Female,25.252.212.10
744,Shannan,Garber,sgarberkn@mozilla.org,Male,188.133.168.15
745,Bertrand,Adamiak,badamiakko@istockphoto.com,Male,252.87.214.35
746,Keeley,Limbourne,klimbournekp@theguardian.com,Female,1.100.211.71
747,Welch,Castiglioni,wcastiglionikq@macromedia.com,Male,178.230.254.169
748,Willie,Wingar,wwingarkr@rambler.ru,Female,132.8.242.106
749,Geralda,Towne,gtowneks@edublogs.org,Female,44.36.86.10
750,Homerus,Nobles,hnobleskt@elegantthemes.com,Male,77.109.71.167
751,Lars,Dagworthy,ldagworthyku@indiegogo.com,Male,55.67.224.63
752,Philbert,Mawby,pmawbykv@prweb.com,Male,172.206.76.102
753,Saba,Marryatt,smarryattkw@baidu.com,Female,122.243.80.36
754,Herman,Dellenbroker,hdellenbrokerkx@acquirethisname.com,Bigender,34.14.132.169
755,Clementius,Sheere,csheereky@go.com,Male,117.95.105.239
756,Trude,Feathersby,tfeathersbykz@mapquest.com,Female,64.41.184.157
757,Mac,Kondratenya,mkondratenyal0@tuttocitta.it,Male,158.84.137.110
758,Ardelia,Ashingden,aashingdenl1@phoca.cz,Female,213.39.251.255
759,Elmer,Beentjes,ebeentjesl2@businessinsider.com,Male,48.31.51.95
760,Simonette,Mooney,smooneyl3@cdbaby.com,Female,9.167.173.152
761,Mallory,Benardette,mbenardettel4@mail.ru,Female,6.101.233.205
762,Duff,Stallen,dstallenl5@hatena.ne.jp,Male,226.120.95.237
763,Aliza,Rycraft,arycraftl6@pagesperso-orange.fr,Female,240.30.167.209
764,Arlena,Neasham,aneashaml7@theglobeandmail.com,Female,209.180.162.196
765,Jewell,Hallyburton,jhallyburtonl8@cdc.gov,Female,36.251.177.182
766,Juliet,Simmens,jsimmensl9@mit.edu,Female,191.89.156.188
767,Jourdain,Munday,jmundayla@networkadvertising.org,Male,129.45.68.188
768,Del,Kock,dkocklb@wikipedia.org,Polygender,81.129.159.93
769,Tomasine,Voak,tvoaklc@geocities.com,Female,226.52.129.221
770,Nolly,Mandrey,nmandreyld@altervista.org,Male,215.161.184.229
771,Loella,De Fraine,ldefrainele@zdnet.com,Female,79.91.182.66
772,Hilary,Godilington,hgodilingtonlf@tmall.com,Male,164.64.176.107
773,Olivette,Stookes,ostookeslg@wisc.edu,Genderfluid,201.156.244.39
774,Eugen,Terzo,eterzolh@uiuc.edu,Male,129.244.44.105
775,Husein,Candlish,hcandlishli@zdnet.com,Genderqueer,202.208.127.226
776,Mari,Verty,mvertylj@reference.com,Female,52.169.74.118
777,Avigdor,Bowstead,abowsteadlk@amazon.co.uk,Male,4.48.146.210
778,Lothaire,Dumini,lduminill@bigcartel.com,Male,141.61.165.79
779,Clarette,McShee,cmcsheelm@pinterest.com,Female,156.155.254.16
780,Sherry,Corns,scornsln@stanford.edu,Female,230.132.171.81
781,Peirce,Cannavan,pcannavanlo@hexun.com,Male,209.81.50.7
782,Drud,Plan,dplanlp@mashable.com,Male,160.186.60.206
783,Ulberto,Minister,uministerlq@tamu.edu,Male,253.98.69.237
784,Cly,Caplan,ccaplanlr@japanpost.jp,Male,204.8.60.230
785,Gayler,Crichley,gcrichleyls@naver.com,Male,81.20.101.87
786,Aurel,Dabourne,adabournelt@unc.edu,Female,241.207.104.179
787,Brigida,Pryde,bprydelu@vistaprint.com,Female,140.1.27.247
788,Anny,Soutar,asoutarlv@wufoo.com,Female,186.120.14.101
789,Darby,Lowde,dlowdelw@auda.org.au,Male,211.115.198.233
790,Gilburt,Franzonello,gfranzonellolx@guardian.co.uk,Male,210.9.13.143
791,Alecia,Ogilvy,aogilvyly@globo.com,Female,185.182.131.114
792,Sibyl,Brokenshaw,sbrokenshawlz@theguardian.com,Agender,205.5.53.157
793,Starr,Yanyushkin,syanyushkinm0@upenn.edu,Female,227.12.154.162
794,Tabatha,Tumbridge,ttumbridgem1@ucla.edu,Bigender,239.74.158.142
795,Gerrie,McGorley,gmcgorleym2@digg.com,Female,44.123.45.102
796,Brett,O'Garmen,bogarmenm3@usgs.gov,Female,81.244.51.62
797,Tatiana,Buxsy,tbuxsym4@indiatimes.com,Bigender,15.87.59.27
798,Chris,McVittie,cmcvittiem5@hp.com,Female,72.202.93.237
799,Cathleen,Bartolic,cbartolicm6@bloglovin.com,Genderqueer,25.58.57.47
800,Durward,Whatmough,dwhatmoughm7@businessweek.com,Male,217.181.194.136
801,Rand,Dellenty,rdellentym8@cocolog-nifty.com,Male,88.95.191.205
802,Maurizio,Wenger,mwengerm9@barnesandnoble.com,Male,166.53.96.195
803,Dieter,Gelderd,dgelderdma@moonfruit.com,Polygender,148.194.56.87
804,Iorgos,Grayling,igraylingmb@deliciousdays.com,Bigender,75.111.207.1
805,Merissa,Busch,mbuschmc@diigo.com,Female,117.175.254.67
806,Eddie,Onge,eongemd@scribd.com,Female,79.115.86.114
807,Chlo,Askew,caskewme@wikia.com,Agender,112.81.15.118
808,Brendon,Ash,bashmf@arizona.edu,Non-binary,71.240.196.75
809,Muriel,Puddin,mpuddinmg@va.gov,Female,114.9.73.167
810,Caryl,Eblein,cebleinmh@sphinn.com,Female,126.20.50.95
811,Maure,Lavalde,mlavaldemi@macromedia.com,Female,201.137.202.61
812,Dare,Hazlegrove,dhazlegrovemj@hao123.com,Male,228.250.109.143
813,Angelita,Bellin,abellinmk@cnbc.com,Female,221.48.99.40
814,Dalston,Forton,dfortonml@cbc.ca,Male,199.46.113.204
815,Ailey,Comley,acomleymm@moonfruit.com,Female,252.92.174.138
816,Bren,Noden,bnodenmn@techcrunch.com,Male,185.77.122.140
817,Fairleigh,Brickner,fbricknermo@cisco.com,Male,51.126.183.235
818,Giustino,Elbourn,gelbournmp@wisc.edu,Male,146.26.110.94
819,Collie,Meco,cmecomq@vinaora.com,Female,255.234.170.129
820,Lock,McEntagart,lmcentagartmr@chron.com,Male,226.59.219.84
821,Anatol,Trevaskus,atrevaskusms@vk.com,Male,48.153.58.172
822,Jacky,Petchey,jpetcheymt@sourceforge.net,Male,82.60.171.212
823,Doro,Richardot,drichardotmu@geocities.jp,Female,104.69.161.143
824,Harris,Pherps,hpherpsmv@paypal.com,Male,113.116.175.40
825,Danika,Splevings,dsplevingsmw@blogger.com,Female,232.219.183.115
826,Oralie,Viel,ovielmx@apache.org,Female,50.23.111.107
827,Madalyn,Kennewell,mkennewellmy@ustream.tv,Female,103.123.98.72
828,Tami,Gambles,tgamblesmz@seesaa.net,Female,68.220.159.210
829,Leonelle,Ashe,lashen0@google.fr,Female,198.177.55.125
830,Huntley,Kornalik,hkornalikn1@51.la,Male,91.150.88.151
831,Georgia,Twitchett,gtwitchettn2@photobucket.com,Female,187.20.178.239
832,Regine,Bedell,rbedelln3@mapy.cz,Female,46.96.198.199
833,Mella,Pringell,mpringelln4@aol.com,Genderqueer,177.184.104.24
834,Caritta,Titheridge,ctitheridgen5@prlog.org,Female,35.93.33.41
835,Kerstin,Jeffs,kjeffsn6@msu.edu,Female,174.35.22.35
836,Neilla,Clara,nclaran7@ucoz.ru,Female,154.99.111.194
837,Nanon,Knapp,nknappn8@tmall.com,Female,39.230.91.119
838,Beverly,Jobe,bjoben9@dion.ne.jp,Female,29.48.133.44
839,Shadow,Achurch,sachurchna@seesaa.net,Male,200.164.23.114
840,Flory,Burgh,fburghnb@jugem.jp,Genderfluid,26.232.101.97
841,Tait,Juett,tjuettnc@cnbc.com,Male,52.106.210.201
842,Nerti,Leuchars,nleucharsnd@behance.net,Female,195.251.74.12
843,Constantina,Fesby,cfesbyne@merriam-webster.com,Female,243.87.114.51
844,Brooke,Fabry,bfabrynf@state.gov,Male,249.149.89.1
845,Zsazsa,Quincey,zquinceyng@themeforest.net,Female,241.42.104.136
846,Isabelita,Treend,itreendnh@google.it,Female,136.95.252.137
847,Franklin,Seward,fsewardni@engadget.com,Male,65.250.178.14
848,Alis,Kilborn,akilbornnj@go.com,Female,72.222.164.216
849,Vickie,Girdwood,vgirdwoodnk@disqus.com,Female,228.120.106.104
850,Ugo,Radnedge,uradnedgenl@issuu.com,Male,175.230.78.6
851,Marcella,Rainville,mrainvillenm@comsenz.com,Female,80.120.182.144
852,Korry,Norwich,knorwichnn@chicagotribune.com,Female,92.110.169.167
853,Lauree,Keri,lkerino@wired.com,Female,149.145.86.97
854,Irvine,Bottjer,ibottjernp@wsj.com,Male,253.200.57.209
855,Torie,Merrywether,tmerrywethernq@about.com,Female,105.132.24.10
856,Umberto,Siddall,usiddallnr@bandcamp.com,Male,207.238.25.202
857,Jeremy,Moreinis,jmoreinisns@oaic.gov.au,Male,37.105.45.181
858,Rudolph,McQuillen,rmcquillennt@flickr.com,Male,35.199.143.173
859,Kort,Guiton,kguitonnu@flickr.com,Male,37.99.38.220
860,Karina,Amphlett,kamphlettnv@msn.com,Female,178.90.142.105
861,Hadley,Keems,hkeemsnw@diigo.com,Male,81.143.186.209
862,Melba,Broome,mbroomenx@elegantthemes.com,Female,121.94.176.105
863,Ariel,Kirkam,akirkamny@dropbox.com,Male,64.60.142.85
864,Loydie,Lashbrook,llashbrooknz@wikia.com,Male,155.68.193.147
865,Basilio,Addis,baddiso0@miibeian.gov.cn,Male,241.181.89.216
866,Brett,Northfield,bnorthfieldo1@washingtonpost.com,Male,108.53.217.249
867,Greta,Gadsdon,ggadsdono2@hostgator.com,Female,85.13.123.179
868,Jeffy,Barwise,jbarwiseo3@google.fr,Male,86.125.21.131
869,Todd,Fawdrey,tfawdreyo4@vistaprint.com,Male,187.219.127.111
870,Mercie,Renfree,mrenfreeo5@dailymail.co.uk,Female,90.185.128.242
871,Vladimir,Ledgister,vledgistero6@meetup.com,Male,169.48.156.253
872,Ruby,Collinge,rcollingeo7@arstechnica.com,Female,234.207.225.140
873,Mischa,Scare,mscareo8@bizjournals.com,Male,201.15.24.13
874,Bebe,Gurys,bguryso9@marketwatch.com,Female,194.205.49.34
875,Ken,Mynett,kmynettoa@tripod.com,Male,117.127.48.158
876,Adara,McTague,amctagueob@umich.edu,Female,13.138.32.161
877,Moise,Sarfat,msarfatoc@studiopress.com,Male,128.61.237.136
878,Karita,Sellstrom,ksellstromod@kickstarter.com,Female,75.216.52.184
879,Hamlin,Seathwright,hseathwrightoe@mtv.com,Male,58.247.106.156
880,Ardella,Tocknell,atocknellof@wordpress.org,Female,10.14.163.157
881,Terri,Croutear,tcroutearog@berkeley.edu,Bigender,220.255.135.61
882,Hakim,Alan,halanoh@oaic.gov.au,Male,214.80.191.36
883,Reinald,Lardeux,rlardeuxoi@acquirethisname.com,Male,131.203.154.169
884,Erroll,MacKnocker,emacknockeroj@fema.gov,Male,89.202.185.9
885,Charissa,McMeyler,cmcmeylerok@disqus.com,Female,132.146.150.215
886,Bess,Tourne,btourneol@rambler.ru,Female,134.25.106.183
887,Quinton,Pescud,qpescudom@nydailynews.com,Male,126.64.177.194
888,Katie,Burkhill,kburkhillon@gizmodo.com,Female,111.129.44.180
889,Betty,Rodell,brodelloo@constantcontact.com,Female,247.227.160.62
890,Ariel,Zupa,azupaop@lycos.com,Female,159.156.12.27
891,Olly,Yell,oyelloq@wsj.com,Male,184.178.37.137
892,Lambert,Rotchell,lrotchellor@psu.edu,Male,182.30.38.120
893,Paulette,Urrey,purreyos@twitter.com,Female,156.131.5.54
894,Goddart,Boolsen,gboolsenot@webs.com,Polygender,192.213.252.54
895,Jeni,Souter,jsouterou@utexas.edu,Female,119.209.131.242
896,Ianthe,Dabell,idabellov@canalblog.com,Female,2.215.227.86
897,Ronna,Steven,rstevenow@mit.edu,Female,175.216.34.128
898,Bidget,Fairchild,bfairchildox@posterous.com,Female,134.128.151.16
899,Germayne,Dugmore,gdugmoreoy@artisteer.com,Male,250.137.26.210
900,Elnore,Georgelin,egeorgelinoz@diigo.com,Female,30.64.227.107
901,Norrie,Briston,nbristonp0@squidoo.com,Genderqueer,210.162.125.85
902,Willem,Harrie,wharriep1@github.io,Male,131.86.168.93
903,Beltran,Purkins,bpurkinsp2@toplist.cz,Male,44.209.37.130
904,Garey,Spridgen,gspridgenp3@cocolog-nifty.com,Male,189.87.159.153
905,Ebba,Thorburn,ethorburnp4@desdev.cn,Polygender,204.158.165.224
906,Cecil,Brunroth,cbrunrothp5@oakley.com,Male,29.78.8.64
907,Maureen,Arnholtz,marnholtzp6@miitbeian.gov.cn,Female,52.42.167.136
908,Mareah,Oppery,mopperyp7@craigslist.org,Female,1.193.129.41
909,Brinna,Mamwell,bmamwellp8@sfgate.com,Female,227.76.33.121
910,Josefa,Hardisty,jhardistyp9@va.gov,Female,219.105.32.40
911,Bertina,Jorden,bjordenpa@google.ca,Female,143.122.140.165
912,Inglebert,Braycotton,ibraycottonpb@npr.org,Male,219.29.146.99
913,Vivianna,McAleese,vmcaleesepc@squidoo.com,Female,117.48.181.187
914,Jamima,Delahunt,jdelahuntpd@ed.gov,Bigender,179.178.158.226
915,Saunderson,Fewtrell,sfewtrellpe@etsy.com,Male,49.53.146.174
916,Maegan,Hattoe,mhattoepf@gizmodo.com,Female,10.16.100.98
917,Hashim,Cristoforetti,hcristoforettipg@bloomberg.com,Male,222.250.41.213
918,Haleigh,Hinge,hhingeph@auda.org.au,Female,156.35.53.20
919,Pavel,Livingstone,plivingstonepi@foxnews.com,Male,183.47.154.11
920,Son,Bagnall,sbagnallpj@4shared.com,Male,74.65.98.124
921,Barris,Ruger,brugerpk@seesaa.net,Male,163.246.23.101
922,Craggie,Trusse,ctrussepl@blogtalkradio.com,Male,213.111.122.3
923,Genevieve,Rozea,grozeapm@networkadvertising.org,Female,222.72.48.249
924,Monica,Kacheller,mkachellerpn@about.com,Female,127.24.190.110
925,Bobbette,Kelmere,bkelmerepo@friendfeed.com,Female,220.85.182.163
926,Ludovika,Straffon,lstraffonpp@paginegialle.it,Female,228.63.170.95
927,Hermy,Jopson,hjopsonpq@yahoo.com,Male,48.243.252.135
928,Grange,Triswell,gtriswellpr@flickr.com,Male,242.64.64.112
929,Ira,Ramsbottom,iramsbottomps@nationalgeographic.com,Bigender,105.7.248.175
930,Dory,McEvoy,dmcevoypt@example.com,Female,83.61.163.158
931,Sergei,Fussell,sfussellpu@wikispaces.com,Male,33.142.197.141
932,Rabi,Stollberg,rstollbergpv@devhub.com,Male,248.130.209.143
933,Kaylil,Meconi,kmeconipw@desdev.cn,Female,96.58.229.133
934,Herbert,Hulks,hhulkspx@mac.com,Male,96.80.225.104
935,Shea,Coiley,scoileypy@livejournal.com,Female,170.57.229.116
936,Onfroi,Corradi,ocorradipz@skype.com,Male,202.44.11.217
937,Chelsey,Willwood,cwillwoodq0@slashdot.org,Female,178.166.241.238
938,Chauncey,Southey,csoutheyq1@etsy.com,Male,243.36.74.252
939,Kerwinn,Siehard,ksiehardq2@netscape.com,Male,11.159.142.53
940,Sargent,Yosevitz,syosevitzq3@java.com,Male,112.128.171.212
941,Monty,Bracco,mbraccoq4@w3.org,Male,211.2.32.38
942,Pollyanna,Vinsen,pvinsenq5@shareasale.com,Female,9.150.133.207
943,Kym,McGuinness,kmcguinnessq6@shutterfly.com,Female,37.187.11.173
944,Olva,Creyke,ocreykeq7@elegantthemes.com,Female,232.38.175.165
945,Tani,Tatham,ttathamq8@e-recht24.de,Female,225.212.153.174
946,Merell,Plumridge,mplumridgeq9@qq.com,Male,168.7.134.54
947,Blakeley,MacGrath,bmacgrathqa@ft.com,Female,43.99.201.226
948,Marcellina,Davinet,mdavinetqb@wordpress.org,Female,119.230.193.242
949,Gillie,Rammell,grammellqc@unesco.org,Female,131.200.9.7
950,Arlen,Marshman,amarshmanqd@sina.com.cn,Female,230.73.224.254
951,Hamnet,Bickerdyke,hbickerdykeqe@umn.edu,Agender,116.174.190.43
952,Larine,Rubinowitz,lrubinowitzqf@ezinearticles.com,Female,213.137.21.192
953,Lek,Fidilis,lfidilisqg@narod.ru,Male,77.202.220.116
954,Renata,Bye,rbyeqh@ucla.edu,Female,43.208.148.160
955,Elizabeth,Daens,edaensqi@soundcloud.com,Female,249.204.61.244
956,Ximenes,Marthen,xmarthenqj@blogtalkradio.com,Genderqueer,5.251.243.148
957,Wilhelm,Kelshaw,wkelshawqk@about.me,Male,30.124.50.121
958,Nedda,Ayton,naytonql@quantcast.com,Female,39.23.25.62
959,Lowell,Hiscoe,lhiscoeqm@wufoo.com,Male,91.76.61.239
960,Brigham,Diggin,bdigginqn@ask.com,Male,240.241.118.130
961,Margit,Crombie,mcrombieqo@mozilla.org,Female,130.174.243.191
962,Lorraine,Maliphant,lmaliphantqp@w3.org,Female,203.239.247.224
963,Annissa,Barneveld,abarneveldqq@artisteer.com,Female,5.191.153.191
964,Sara-ann,Polack,spolackqr@intel.com,Female,170.20.238.4
965,Erny,Heindrick,eheindrickqs@google.com.br,Male,5.79.96.56
966,Yvette,Bollin,ybollinqt@webs.com,Female,232.1.18.170
967,Flossy,Pley,fpleyqu@canalblog.com,Female,59.188.20.3
968,Tracey,Mooring,tmooringqv@yolasite.com,Female,83.176.225.150
969,Marin,Sember,msemberqw@bizjournals.com,Female,46.200.212.163
970,Webb,De Ambrosis,wdeambrosisqx@huffingtonpost.com,Genderfluid,191.4.33.162
971,Lynda,Rodge,lrodgeqy@microsoft.com,Female,248.189.32.160
972,Kip,Ragbourn,kragbournqz@engadget.com,Male,14.160.50.164
973,Hortensia,Menlow,hmenlowr0@harvard.edu,Female,184.64.246.140
974,Imelda,Dussy,idussyr1@spiegel.de,Female,16.179.174.151
975,Fae,Totton,ftottonr2@npr.org,Female,167.229.56.89
976,Lavina,Cayser,lcayserr3@mediafire.com,Genderqueer,131.111.59.102
977,Allison,Hubach,ahubachr4@marriott.com,Female,201.160.205.153
978,Katharina,Sutcliff,ksutcliffr5@g.co,Female,44.101.44.160
979,Verina,Ivett,vivettr6@nationalgeographic.com,Female,2.97.195.247
980,Stafford,Triggel,striggelr7@lulu.com,Male,68.26.50.182
981,Chandal,Gerault,cgeraultr8@miitbeian.gov.cn,Female,133.210.13.227
982,Con,Quakley,cquakleyr9@tumblr.com,Female,58.183.111.26
983,Jilleen,Canland,jcanlandra@businessinsider.com,Female,68.189.181.55
984,Margaret,Dametti,mdamettirb@usa.gov,Female,125.182.187.116
985,Berke,Vaun,bvaunrc@disqus.com,Male,85.38.66.51
986,Cherice,Mathieu,cmathieurd@phpbb.com,Female,155.3.140.81
987,Elsy,Lemanu,elemanure@liveinternet.ru,Female,82.7.7.242
988,Felike,Van Leeuwen,fvanleeuwenrf@jiathis.com,Male,64.11.0.211
989,Skye,Tedahl,stedahlrg@istockphoto.com,Male,60.157.238.98
990,Desiri,Kellar,dkellarrh@edublogs.org,Female,84.114.227.145
991,Mackenzie,Patley,mpatleyri@opensource.org,Male,93.219.200.49
992,Roseline,Maggs,rmaggsrj@amazon.co.uk,Female,174.231.30.89
993,Lenore,Andrag,landragrk@geocities.com,Female,34.134.238.27
994,Chick,Gellion,cgellionrl@oakley.com,Male,44.152.28.174
995,Niko,Comolli,ncomollirm@networksolutions.com,Male,60.102.168.151
996,Crosby,Lantuffe,clantuffern@yahoo.com,Male,234.235.203.111
997,Frederica,Dow,fdowro@liveinternet.ru,Female,130.83.90.160
998,Patrica,Kellock,pkellockrp@fc2.com,Female,188.221.239.227
999,Merrily,O'Flynn,moflynnrq@senate.gov,Female,76.46.234.139
1000,Starlene,Bartosinski,sbartosinskirr@census.gov,Female,19.102.175.182
